{"stats":{"minecraft:custom":{"minecraft:jump":125,"minecraft:open_chest":226,"minecraft:time_since_rest":33985,"minecraft:play_one_minute":33985,"minecraft:crouch_one_cm":907,"minecraft:leave_game":10,"minecraft:sprint_one_cm":19851,"minecraft:time_since_death":33985,"minecraft:walk_on_water_one_cm":14511,"minecraft:walk_one_cm":22128,"minecraft:sneak_time":1545,"minecraft:walk_under_water_one_cm":6733,"minecraft:swim_one_cm":4063,"minecraft:fall_one_cm":836,"minecraft:fly_one_cm":235769},"minecraft:used":{"minecraft:chain_command_block":8,"minecraft:oak_sign":11,"minecraft:bricks":36,"minecraft:birch_planks":380,"minecraft:structure_block":15}},"DataVersion":2567}